old_relpath	new_relpath
turing/EquacÃßaÃÉodeTuring(2) - coÃÅpia.pdf	01_Canon/01_MarcoZero/equac-a-odeturing-2-co-pia.pdf
turing/Equa√ß√£o de Turing Œ© (ETŒ©) ‚Äì S√≠ntese Final Integrada.pdf	01_Canon/99_BestAtual/equa-o-de-turing-et-s-ntese-final-integrada.pdf
turing/Advertorial salvo mem√≥ria.pdf	01_Canon/02_Evolucao_LinhaDoTempo/10-advertorial-salvo-mem-ria.pdf
turing/AdvertorialsalvomemoÃÅria - coÃÅpia.docx	01_Canon/02_Evolucao_LinhaDoTempo/20-advertorialsalvomemo-ria-co-pia.docx
turing/AdvertorialsalvomemoÃÅria(1) - coÃÅpia.pdf	01_Canon/02_Evolucao_LinhaDoTempo/30-advertorialsalvomemo-ria-1-co-pia.pdf
turing/AdvertorialsalvomemoÃÅria(1).pdf	01_Canon/02_Evolucao_LinhaDoTempo/40-advertorialsalvomemo-ria-1.pdf
turing/BEST ETŒ©/bestblueprint.pdf	01_Canon/02_Evolucao_LinhaDoTempo/50-bestblueprint.pdf
turing/Documento sem t√≠tulo.pdf	01_Canon/02_Evolucao_LinhaDoTempo/60-documento-sem-t-tulo.pdf
turing/ETŒ©/EvolucÃßaÃÉodaequacÃßaÃÉo.pdf	01_Canon/02_Evolucao_LinhaDoTempo/70-evoluc-a-odaequac-a-o.pdf
turing/ET·¥∏Œ©/Advertorial salvo mem√≥ria (1).pdf	01_Canon/02_Evolucao_LinhaDoTempo/80-advertorial-salvo-mem-ria-1.pdf
turing/ET·¥∏Œ©/Advertorial salvo mem√≥ria.docx	01_Canon/02_Evolucao_LinhaDoTempo/90-advertorial-salvo-mem-ria.docx
turing/ET·¥∏Œ©/EquacÃßaÃÉo de Turing (2) - coÃÅpia.pdf	01_Canon/02_Evolucao_LinhaDoTempo/100-equac-a-o-de-turing-2-co-pia.pdf
turing/ET·¥∏Œ©/Equa√ß√£o de Turing (1).docx	01_Canon/02_Evolucao_LinhaDoTempo/110-equa-o-de-turing-1.docx
turing/ET·¥∏Œ©/Equa√ß√£o de Turing (1).pdf	01_Canon/02_Evolucao_LinhaDoTempo/120-equa-o-de-turing-1.pdf
turing/ET·¥∏Œ©/Equa√ß√£o de Turing (3).pdf	01_Canon/02_Evolucao_LinhaDoTempo/130-equa-o-de-turing-3.pdf
turing/ET·¥∏Œ©/Equa√ß√£o de Turing (4).pdf	01_Canon/02_Evolucao_LinhaDoTempo/140-equa-o-de-turing-4.pdf
turing/ET·¥∏Œ©/Equa√ß√£o de Turing (5).pdf	01_Canon/02_Evolucao_LinhaDoTempo/150-equa-o-de-turing-5.pdf
turing/ET·¥∏Œ©/Equa√ß√£o de Turing finalizada (1).pdf	01_Canon/02_Evolucao_LinhaDoTempo/160-equa-o-de-turing-finalizada-1.pdf
turing/ET·¥∏Œ©/Equa√ß√£o de Turing finalizada (2).pdf	01_Canon/02_Evolucao_LinhaDoTempo/170-equa-o-de-turing-finalizada-2.pdf
turing/ET·¥∏Œ©/Equa√ß√£o de Turing finalizada.pdf	01_Canon/02_Evolucao_LinhaDoTempo/180-equa-o-de-turing-finalizada.pdf
turing/ET·¥∏Œ©/Equa√ß√£o de Turing refinada (1).pdf	01_Canon/02_Evolucao_LinhaDoTempo/190-equa-o-de-turing-refinada-1.pdf
turing/ET·¥∏Œ©/Equa√ß√£o de Turing refinada (2).pdf	01_Canon/02_Evolucao_LinhaDoTempo/200-equa-o-de-turing-refinada-2.pdf
turing/ET·¥∏Œ©/Equa√ß√£o de Turing refinada.docx	01_Canon/02_Evolucao_LinhaDoTempo/210-equa-o-de-turing-refinada.docx
turing/ET·¥∏Œ©/Equa√ß√£o de Turing refinada.pdf	01_Canon/02_Evolucao_LinhaDoTempo/220-equa-o-de-turing-refinada.pdf
turing/ET·¥∏Œ©/Equa√ß√£o de Turing.docx	01_Canon/02_Evolucao_LinhaDoTempo/230-equa-o-de-turing.docx
turing/ET·¥∏Œ©/Equa√ß√£o_de_Turing_(ET‚òÖ)_-_Documento_Final_Integrado (1).pdf	01_Canon/02_Evolucao_LinhaDoTempo/240-equa-o-de-turing-et-documento-final-integrado-1.pdf
turing/ET·¥∏Œ©/Equa√ß√£o_de_Turing_(ET‚òÖ)_-_Documento_Final_Integrado.pdf	01_Canon/02_Evolucao_LinhaDoTempo/250-equa-o-de-turing-et-documento-final-integrado.pdf
turing/EquacÃßaÃÉo de Turing (ETŒ©).pdf	01_Canon/02_Evolucao_LinhaDoTempo/260-equac-a-o-de-turing-et.pdf
turing/EquacÃßaÃÉodeTuring(1).docx	01_Canon/02_Evolucao_LinhaDoTempo/270-equac-a-odeturing-1.docx
turing/EquacÃßaÃÉodeTuring(2).pdf	01_Canon/02_Evolucao_LinhaDoTempo/280-equac-a-odeturing-2.pdf
turing/EquacÃßaÃÉodeTuring(ET‚òÖ)-ManualDefinitivo - coÃÅpia.pdf	01_Canon/02_Evolucao_LinhaDoTempo/290-equac-a-odeturing-et-manualdefinitivo-co-pia.pdf
turing/EquacÃßaÃÉodeTuring(ET‚òÖ)-ManualDefinitivo.pdf	01_Canon/02_Evolucao_LinhaDoTempo/300-equac-a-odeturing-et-manualdefinitivo.pdf
turing/EquacÃßaÃÉodeTuringrefinada - coÃÅpia.docx	01_Canon/02_Evolucao_LinhaDoTempo/310-equac-a-odeturingrefinada-co-pia.docx
turing/EquacÃßaÃÉodeTuringrefinada(1) - coÃÅpia.pdf	01_Canon/02_Evolucao_LinhaDoTempo/320-equac-a-odeturingrefinada-1-co-pia.pdf
turing/EquacÃßaÃÉodeTuringrefinada(1).pdf	01_Canon/02_Evolucao_LinhaDoTempo/330-equac-a-odeturingrefinada-1.pdf
turing/Equa√ß√£o de Turing.pdf	01_Canon/02_Evolucao_LinhaDoTempo/340-equa-o-de-turing.pdf
turing/Equa√ß√£o_de_Turing_(ET‚òÖ)_-_Manual_Definitivo.pdf	01_Canon/02_Evolucao_LinhaDoTempo/350-equa-o-de-turing-et-manual-definitivo.pdf
turing/Explica√ß√£o Detalhada da Equa√ß√£o e Compara√ß√£o com Abordagens de IA de 2025.pdf	01_Canon/02_Evolucao_LinhaDoTempo/360-explica-o-detalhada-da-equa-o-e-compara-o-com-abordagens-de-ia-de-2025.pdf
turing/Introdu√ß√£o.pdf	01_Canon/02_Evolucao_LinhaDoTempo/370-introdu-o.pdf
turing/Manual T√©cnico_ Transformando uma IA pela Equa√ß√£o de Turing (ET).pdf	01_Canon/02_Evolucao_LinhaDoTempo/380-manual-t-cnico-transformando-uma-ia-pela-equa-o-de-turing-et.pdf
turing/Mutacoes de Turing.pdf	01_Canon/02_Evolucao_LinhaDoTempo/390-mutacoes-de-turing.pdf
turing/Plano T√©cnico para a Equa√ß√£o de Turing Refinada (ET‚Å∫) em uma IA Aut√¥noma de Evolu√ß√£o Cont√≠nua.pdf	01_Canon/02_Evolucao_LinhaDoTempo/400-plano-t-cnico-para-a-equa-o-de-turing-refinada-et-em-uma-ia-aut-noma-de-evolu-o-cont-nua.pdf
turing/Refinamento Iterativo da Equa√ß√£o de Turing Rumo √† Perfei√ß√£o.pdf	01_Canon/02_Evolucao_LinhaDoTempo/410-refinamento-iterativo-da-equa-o-de-turing-rumo-perfei-o.pdf
turing/Relat√≥rio Final Integrado_ Teoria da Equa√ß√£o de Turing (ET) e ETŒ© (1).pdf	01_Canon/02_Evolucao_LinhaDoTempo/420-relat-rio-final-integrado-teoria-da-equa-o-de-turing-et-e-et-1.pdf
turing/Relat√≥rio Final Integrado_ Teoria da Equa√ß√£o de Turing (ET) e ETŒ©.docx	01_Canon/02_Evolucao_LinhaDoTempo/430-relat-rio-final-integrado-teoria-da-equa-o-de-turing-et-e-et.docx
turing/Relat√≥rio Final Integrado_ Teoria da Equa√ß√£o de Turing (ET) e ETŒ©.pdf	01_Canon/02_Evolucao_LinhaDoTempo/440-relat-rio-final-integrado-teoria-da-equa-o-de-turing-et-e-et.pdf
turing/Salvar arquivo an√°lise.pdf	01_Canon/02_Evolucao_LinhaDoTempo/450-salvar-arquivo-an-lise.pdf
turing/The Evolution of the _Turing Equation_ Toward Perfection.pdf	01_Canon/02_Evolucao_LinhaDoTempo/460-the-evolution-of-the-turing-equation-toward-perfection.pdf
turing/Turing.pdf	01_Canon/02_Evolucao_LinhaDoTempo/470-turing.pdf
turing/grok_report (1).pdf	01_Canon/02_Evolucao_LinhaDoTempo/480-grok-report-1.pdf
turing/grok_report (2).pdf	01_Canon/02_Evolucao_LinhaDoTempo/490-grok-report-2.pdf
turing/grok_report.pdf	01_Canon/02_Evolucao_LinhaDoTempo/500-grok-report.pdf
turing/TODO - EquacÃßaÃÉo de Turing (ET‚òÖ) - Processo Completo.md	02_Support/References/todo-equac-a-o-de-turing-et-processo-completo.md
turing/EquacÃßaÃÉo de Turing (ET‚òÖ) - Teoria AperfeicÃßoada e Consolidada.md	02_Support/References/equac-a-o-de-turing-et-teoria-aperfeic-oada-e-consolidada.md
turing/EquacÃßaÃÉo de Turing AperfeicÃßoada (ET‚òÖ) - Teoria Consolidada e Validada - coÃÅpia 2.md	02_Support/References/equac-a-o-de-turing-aperfeic-oada-et-teoria-consolidada-e-validada-co-pia-2.md
turing/EquacÃßaÃÉo de Turing (ET‚òÖ) - Documento Final Integrado.md	02_Support/References/equac-a-o-de-turing-et-documento-final-integrado.md
turing/et_testes_rapidos.py	03_Code/et-testes-rapidos.py
turing/et_testes_praticos_extensivos.py	03_Code/et-testes-praticos-extensivos.py
turing/etomega_operational_brain.py	03_Code/etomega-operational-brain.py
turing/et_testes_rapidos_results.json	04_Data/et-testes-rapidos-results.json
turing/EquacÃßaÃÉo de Turing (ET‚òÖ) - Manual Definitivo - coÃÅpia.md	02_Support/References/equac-a-o-de-turing-et-manual-definitivo-co-pia.md
turing/AnaÃÅlise Detalhada da EquacÃßaÃÉo de Turing (ET) - coÃÅpia 2.md	02_Support/References/ana-lise-detalhada-da-equac-a-o-de-turing-et-co-pia-2.md
turing/ET_omega_updated.zip	05_Appendix/Archives/et-omega-updated.zip
turing/etœâ_boilerplate_mvp_v_0.py	03_Code/et-boilerplate-mvp-v-0.py
turing/et_core_definitivo.py	03_Code/et-core-definitivo.py
turing/.DS_Store	02_Support/References/ds-store
turing/todo - coÃÅpia.md	02_Support/References/todo-co-pia.md
turing/AnaÃÅlise Consolidada da EquacÃßaÃÉo de Turing (ET‚òÖ).md	02_Support/References/ana-lise-consolidada-da-equac-a-o-de-turing-et.md
turing/et_quick_tests.py	03_Code/et-quick-tests.py
turing/pasted_content.txt	02_Support/References/pasted-content.txt
turing/todo_et_final.md	02_Support/References/todo-et-final.md
turing/et_core.py	03_Code/et-core.py
turing/et_validation.py	03_Code/et-validation.py
turing/validacao_matematica_results.json	04_Data/validacao-matematica-results.json
turing/et_validacao_matematica.py	03_Code/et-validacao-matematica.py
turing/et_core_otimizado.py	03_Code/et-core-otimizado.py
turing/et_core_consolidado.py	03_Code/et-core-consolidado.py
turing/et_core_final.py	03_Code/et-core-final.py
turing/quick_test_results.json	04_Data/quick-test-results.json
turing/et_practical_tests.py	03_Code/et-practical-tests.py
turing/Otimizando Documentos da Equa√ß√£o de Turing com IA.zip	05_Appendix/Archives/otimizando-documentos-da-equa-o-de-turing-com-ia.zip
turing/ET·¥∏Œ©-20250812T051257Z-1-001.zip	05_Appendix/Archives/et-20250812t051257z-1-001.zip
turing/Atualiza√ß√£o e Aplica√ß√£o da Equa√ß√£o de Turing ETŒ©.zip	05_Appendix/Archives/atualiza-o-e-aplica-o-da-equa-o-de-turing-et.zip
turing/Atualiza√ß√£o e Aplica√ß√£o da Equa√ß√£o de Turing ETŒ© (1).zip	05_Appendix/Archives/atualiza-o-e-aplica-o-da-equa-o-de-turing-et-1.zip
turing/OrigemTuring_OcoracaodeumaIA_Turing_marcozero/.DS_Store	02_Support/References/ds-store
turing/ETŒ©/meta_ai_implementation.py	03_Code/meta-ai-implementation.py
turing/ETŒ©/estudo_aprofundado_teoria.md	02_Support/References/estudo-aprofundado-teoria.md
turing/ETŒ©/et_testes_simplificados.py	03_Code/et-testes-simplificados.py
turing/ETŒ©/EquacÃßaÃÉo de Turing (ET‚òÖ) - Documento Final Integrado.md	02_Support/References/equac-a-o-de-turing-et-documento-final-integrado.md
turing/ETŒ©/pasted_content_2.txt	02_Support/References/pasted-content-2.txt
turing/ETŒ©/relatorio_analise.md	02_Support/References/relatorio-analise.md
turing/ETŒ©/et_ultimate_setup.sh	03_Code/et-ultimate-setup.sh
turing/ETŒ©/EquacÃßaÃÉo de Turing AperfeicÃßoada (ET‚òÖ‚òÖ‚òÖ) - Documento Final Consolidado.md	02_Support/References/equac-a-o-de-turing-aperfeic-oada-et-documento-final-consolidado.md
turing/ETŒ©/analise_inicial.md	02_Support/References/analise-inicial.md
turing/ETŒ©/et_meta_autonomous.py	03_Code/et-meta-autonomous.py
turing/ETŒ©/et_final_aperfeicoada.py	03_Code/et-final-aperfeicoada.py
turing/ETŒ©/et_core_aperfeicoado.py	03_Code/et-core-aperfeicoado.py
turing/ETŒ©/üöÄ ET‚òÖ‚òÖ‚òÖ‚òÖ ULTIMATE - PASSO A PASSO COMPLETO.md	02_Support/References/et-ultimate-passo-a-passo-completo.md
turing/ETŒ©/et_testes_extensivos.py	03_Code/et-testes-extensivos.py
turing/ETŒ©/pasted_content.txt	02_Support/References/pasted-content.txt
turing/ETŒ©/et_ultimate_manager.py	03_Code/et-ultimate-manager.py
turing/ET·¥∏Œ©/App.jsx	02_Support/References/app.jsx
turing/ET·¥∏Œ©/App.css	02_Support/References/app.css
turing/ET·¥∏Œ©/PerformanceCharts.jsx	02_Support/References/performancecharts.jsx
turing/ET·¥∏Œ©/index.html	02_Support/References/index.html
turing/ET·¥∏Œ©/ETSimulator.jsx	02_Support/References/etsimulator.jsx
turing/ET·¥∏Œ©/Otimizando Documentos da Equa√ß√£o de Turing com IA.zip	05_Appendix/Archives/otimizando-documentos-da-equa-o-de-turing-com-ia.zip
